{
  "accuracy": 0.813047711781889,
  "precision_macro": 0.8134552912794698,
  "recall_macro": 0.787272720016602,
  "f1_macro": 0.7957336780866193,
  "confusion_matrix": [
    [
      567,
      61
    ],
    [
      131,
      268
    ]
  ],
  "classification_report": {
    "0": {
      "precision": 0.8123209169054442,
      "recall": 0.9028662420382165,
      "f1-score": 0.8552036199095022,
      "support": 628.0
    },
    "1": {
      "precision": 0.8145896656534954,
      "recall": 0.6716791979949874,
      "f1-score": 0.7362637362637363,
      "support": 399.0
    },
    "accuracy": 0.813047711781889,
    "macro avg": {
      "precision": 0.8134552912794698,
      "recall": 0.787272720016602,
      "f1-score": 0.7957336780866193,
      "support": 1027.0
    },
    "weighted avg": {
      "precision": 0.8132023489896433,
      "recall": 0.813047711781889,
      "f1-score": 0.8089942590773108,
      "support": 1027.0
    }
  },
  "auc": 0.8930267547850517
}