{
  "accuracy": 0.8091528724440117,
  "precision_macro": 0.8159779301575769,
  "recall_macro": 0.7776906438069696,
  "f1_macro": 0.7882028619528619,
  "confusion_matrix": [
    [
      577,
      51
    ],
    [
      145,
      254
    ]
  ],
  "classification_report": {
    "0": {
      "precision": 0.7991689750692521,
      "recall": 0.9187898089171974,
      "f1-score": 0.8548148148148148,
      "support": 628.0
    },
    "1": {
      "precision": 0.8327868852459016,
      "recall": 0.6365914786967418,
      "f1-score": 0.7215909090909091,
      "support": 399.0
    },
    "accuracy": 0.8091528724440117,
    "macro avg": {
      "precision": 0.8159779301575769,
      "recall": 0.7776906438069696,
      "f1-score": 0.7882028619528619,
      "support": 1027.0
    },
    "weighted avg": {
      "precision": 0.8122298768808228,
      "recall": 0.8091528724440117,
      "f1-score": 0.8030559653660918,
      "support": 1027.0
    }
  },
  "auc": 0.8934936864454128
}